Provider,Actual,Predicted,Probability_Fraud,Correct,False_Positive,False_Negative,True_Positive,True_Negative
PRV52573,0,0,0.12548969657342218,True,False,False,False,True
PRV52731,0,0,0.009356772962660125,True,False,False,False,True
PRV53323,0,0,0.0022192772642058304,True,False,False,False,True
PRV53166,0,0,0.010068115247100622,True,False,False,False,True
PRV56177,0,0,0.017355491182961934,True,False,False,False,True
PRV52878,0,0,0.009794698660783972,True,False,False,False,True
PRV54477,0,0,0.005365530720721747,True,False,False,False,True
PRV51176,0,0,0.053936197447737234,True,False,False,False,True
PRV56819,0,1,0.6178649309432455,False,True,False,False,False
PRV52599,0,0,0.08969188763250217,True,False,False,False,True
PRV52391,0,0,0.01765275670077513,True,False,False,False,True
PRV55854,0,0,0.00427255756067206,True,False,False,False,True
PRV51288,0,0,0.021363388883540568,True,False,False,False,True
PRV53961,1,1,0.9428373806712637,True,False,False,True,False
PRV55566,0,0,0.008652215498785728,True,False,False,False,True
PRV55140,0,0,0.020740199888628633,True,False,False,False,True
PRV53781,1,1,0.931721360751398,True,False,False,True,False
PRV53229,0,0,0.0008377635391763681,True,False,False,False,True
PRV55051,0,0,0.044725126992029934,True,False,False,False,True
PRV51716,0,0,0.01727866215356815,True,False,False,False,True
PRV52107,0,0,0.11067140087726311,True,False,False,False,True
PRV55450,0,0,0.038576695641394876,True,False,False,False,True
PRV53920,0,0,0.20013568034060175,True,False,False,False,True
PRV54730,0,0,0.00011646170808243647,True,False,False,False,True
PRV56451,0,0,0.1013958552379875,True,False,False,False,True
PRV51605,0,0,0.04244504491514569,True,False,False,False,True
PRV57477,0,0,0.00011646170808243647,True,False,False,False,True
PRV54026,0,0,0.011909932421628678,True,False,False,False,True
PRV52487,0,0,0.0012140858192531009,True,False,False,False,True
PRV57310,1,1,0.8139028946621142,True,False,False,True,False
PRV53672,0,0,0.07448749650207169,True,False,False,False,True
PRV55876,0,0,0.006784372472549582,True,False,False,False,True
PRV53872,0,0,0.2722096153387132,True,False,False,False,True
PRV57115,0,0,0.014272557560672059,True,False,False,False,True
PRV57340,0,0,0.17844922637182375,True,False,False,False,True
PRV55662,0,0,0.42111275230240336,True,False,False,False,True
PRV56699,0,0,0.0,True,False,False,False,True
PRV51012,0,0,0.0013563586435290254,True,False,False,False,True
PRV55381,0,0,0.4376837232285981,True,False,False,False,True
PRV53599,0,0,0.01566333960303315,True,False,False,False,True
PRV53972,0,0,0.049865434259573196,True,False,False,False,True
PRV51661,0,0,0.012943058374317657,True,False,False,False,True
PRV56519,0,0,0.01813044626353314,True,False,False,False,True
PRV52457,0,0,0.027023190422612732,True,False,False,False,True
PRV55329,0,0,0.0,True,False,False,False,True
PRV54672,0,0,0.0006130138209349671,True,False,False,False,True
PRV53362,0,0,0.009825648430126163,True,False,False,False,True
PRV53501,0,0,0.0030594421174583377,True,False,False,False,True
PRV56689,1,1,0.9418703622677695,True,False,False,True,False
PRV53553,0,0,0.0,True,False,False,False,True
PRV57603,0,0,0.042571379680866536,True,False,False,False,True
PRV55070,0,0,0.011122328765576473,True,False,False,False,True
PRV55850,0,0,0.46511057680382595,True,False,False,False,True
PRV53797,1,1,0.8972725481505459,True,False,False,True,False
PRV52206,0,0,0.0,True,False,False,False,True
PRV52480,0,0,0.0869339857082959,True,False,False,False,True
PRV54269,0,0,0.03636706106525122,True,False,False,False,True
PRV55189,0,0,0.22324114686939783,True,False,False,False,True
PRV54012,0,0,0.028421996094426697,True,False,False,False,True
PRV51896,0,0,0.0,True,False,False,False,True
PRV55318,0,0,0.019454224202511302,True,False,False,False,True
PRV55875,0,0,0.0051310500896111,True,False,False,False,True
PRV51567,1,1,0.8619663892983813,True,False,False,True,False
PRV57239,0,0,0.00396391253749271,True,False,False,False,True
PRV57351,0,0,0.07594163418359771,True,False,False,False,True
PRV55699,0,0,0.06955743271337621,True,False,False,False,True
PRV57747,0,0,0.0,True,False,False,False,True
PRV53963,0,0,0.06942093722472686,True,False,False,False,True
PRV52921,0,0,0.028246907971615574,True,False,False,False,True
PRV55944,0,0,0.10248024623877158,True,False,False,False,True
PRV52598,0,0,0.057906554903514144,True,False,False,False,True
PRV54701,0,0,0.0,True,False,False,False,True
PRV57331,0,0,0.36888819996256594,True,False,False,False,True
PRV55862,0,0,0.0,True,False,False,False,True
PRV52842,0,1,0.5304261048473188,False,True,False,False,False
PRV56591,1,0,0.31077208115375154,False,False,True,False,False
PRV56894,0,0,0.0,True,False,False,False,True
PRV55974,0,0,0.21086370652287556,True,False,False,False,True
PRV55443,0,1,0.8630072406976127,False,True,False,False,False
PRV53787,1,1,0.557273655073205,True,False,False,True,False
PRV54027,0,0,0.007489909457837898,True,False,False,False,True
PRV55978,0,1,0.8186170228898274,False,True,False,False,False
PRV54436,0,0,0.017355491182961934,True,False,False,False,True
PRV55608,0,0,0.004923275491180267,True,False,False,False,True
PRV54978,0,0,0.010281125038041345,True,False,False,False,True
PRV52499,0,0,0.33971421215881487,True,False,False,False,True
PRV52793,0,0,0.0,True,False,False,False,True
PRV52022,0,0,0.0012140858192531009,True,False,False,False,True
PRV52733,0,0,0.00853343276162068,True,False,False,False,True
PRV56566,1,0,0.14192995328473715,False,False,True,False,False
PRV52830,0,0,0.00011646170808243647,True,False,False,False,True
PRV51117,0,0,0.0,True,False,False,False,True
PRV57231,0,1,0.7517049590084613,False,True,False,False,False
PRV54188,0,0,0.0,True,False,False,False,True
PRV57253,0,0,0.0034190110106317386,True,False,False,False,True
PRV52041,1,1,0.939272195117202,True,False,False,True,False
PRV55548,0,0,0.1914880438873289,True,False,False,False,True
PRV56502,0,0,0.0,True,False,False,False,True
PRV55081,0,0,0.006165800915130894,True,False,False,False,True
PRV52483,0,0,0.05852121236218121,True,False,False,False,True
PRV54113,0,0,0.0,True,False,False,False,True
PRV55154,0,0,0.0,True,False,False,False,True
PRV51218,0,0,0.0,True,False,False,False,True
PRV51821,0,0,0.2316249916871026,True,False,False,False,True
PRV55936,0,0,0.00011646170808243647,True,False,False,False,True
PRV52394,0,0,0.028574918422625294,True,False,False,False,True
PRV55093,0,0,0.00011646170808243647,True,False,False,False,True
PRV52281,0,0,0.19331550833318928,True,False,False,False,True
PRV54092,0,0,0.10142068964630635,True,False,False,False,True
PRV53237,0,0,0.0,True,False,False,False,True
PRV51578,1,1,0.880939679790301,True,False,False,True,False
PRV55796,0,0,0.0,True,False,False,False,True
PRV55582,0,0,0.03413305440943852,True,False,False,False,True
PRV52473,0,0,0.0,True,False,False,False,True
PRV57335,1,1,0.6155331930556968,True,False,False,True,False
PRV55238,0,0,0.01941554924244706,True,False,False,False,True
PRV55798,0,0,0.0,True,False,False,False,True
PRV54945,0,0,0.0033252513262502564,True,False,False,False,True
PRV56044,0,0,0.45280628274740153,True,False,False,False,True
PRV52159,0,0,0.21656401500693548,True,False,False,False,True
PRV57741,0,0,0.0,True,False,False,False,True
PRV54774,0,0,0.47594675620964627,True,False,False,False,True
PRV51558,0,0,0.06801518408056849,True,False,False,False,True
PRV51799,0,0,0.0,True,False,False,False,True
PRV53889,0,0,0.03904405305274814,True,False,False,False,True
PRV53169,0,0,0.0,True,False,False,False,True
PRV55399,0,0,0.03426834236541578,True,False,False,False,True
PRV51887,0,0,0.03427500745259775,True,False,False,False,True
PRV52507,0,0,0.007079810270158796,True,False,False,False,True
PRV51390,1,1,0.9933891966686994,True,False,False,True,False
PRV55265,0,0,0.00887808972564772,True,False,False,False,True
PRV56771,0,0,0.0,True,False,False,False,True
PRV51229,0,0,0.005835788938130252,True,False,False,False,True
PRV52055,0,0,0.03600577553254377,True,False,False,False,True
PRV54802,0,0,0.0,True,False,False,False,True
PRV53513,0,0,0.017435308532969863,True,False,False,False,True
PRV52829,0,0,0.4002252043030733,True,False,False,False,True
PRV55761,0,0,0.013522458212262303,True,False,False,False,True
PRV56914,0,0,0.1297943490808842,True,False,False,False,True
PRV51745,0,0,0.0,True,False,False,False,True
PRV55530,0,0,0.0012140858192531009,True,False,False,False,True
PRV52581,0,0,0.0012140858192531009,True,False,False,False,True
PRV54319,0,0,0.0,True,False,False,False,True
PRV53020,0,0,0.056966830988818176,True,False,False,False,True
PRV53511,0,0,0.01592764291215198,True,False,False,False,True
PRV56317,0,0,0.019024472202310926,True,False,False,False,True
PRV51707,0,0,0.0,True,False,False,False,True
PRV56331,0,0,0.0,True,False,False,False,True
PRV52144,0,0,0.05920363944425641,True,False,False,False,True
PRV51668,0,0,0.01031330629220092,True,False,False,False,True
PRV52294,0,0,0.0,True,False,False,False,True
PRV54127,0,0,0.014685410126927803,True,False,False,False,True
PRV51431,0,1,0.580676471608007,False,True,False,False,False
PRV54407,0,0,0.0016297752298456742,True,False,False,False,True
PRV56896,0,0,0.2396399398349327,True,False,False,False,True
PRV55688,0,0,0.034290316346011124,True,False,False,False,True
PRV52193,0,0,0.04408090789403575,True,False,False,False,True
PRV54021,0,0,0.009281791940333801,True,False,False,False,True
PRV51778,0,0,0.0,True,False,False,False,True
PRV57704,0,0,0.018421996094426695,True,False,False,False,True
PRV52756,0,0,0.0,True,False,False,False,True
PRV56934,0,0,0.0,True,False,False,False,True
PRV54581,0,0,0.0,True,False,False,False,True
PRV53213,0,0,0.004272557560672058,True,False,False,False,True
PRV53246,0,0,0.040113483384755,True,False,False,False,True
PRV56218,0,0,0.10095587798934602,True,False,False,False,True
PRV52868,1,1,0.5704262225092802,True,False,False,True,False
PRV51876,1,1,0.7674413720621139,True,False,False,True,False
PRV55178,0,0,0.04264047437157844,True,False,False,False,True
PRV55426,0,0,0.00011646170808243647,True,False,False,False,True
PRV51828,0,0,0.009065223131766567,True,False,False,False,True
PRV56344,0,0,0.009509695290858726,True,False,False,False,True
PRV57569,1,0,0.19491004676908324,False,False,True,False,False
PRV51290,0,0,0.03824049167740345,True,False,False,False,True
PRV55521,0,1,0.5963669928654192,False,True,False,False,False
PRV57101,0,1,0.5760410721333629,False,True,False,False,False
PRV52747,0,0,0.007604562476102508,True,False,False,False,True
PRV54439,0,0,0.0,True,False,False,False,True
PRV51341,0,0,0.002006097509922407,True,False,False,False,True
PRV51664,0,0,0.007637374860956618,True,False,False,False,True
PRV55644,0,0,0.0016297752298456742,True,False,False,False,True
PRV54963,0,0,0.0224907645977529,True,False,False,False,True
PRV57541,0,0,0.03540718281324353,True,False,False,False,True
PRV57560,0,0,0.0,True,False,False,False,True
PRV55648,0,0,0.016580536102390728,True,False,False,False,True
PRV52484,0,0,0.008290268051195364,True,False,False,False,True
PRV56101,0,0,0.0,True,False,False,False,True
PRV55765,0,0,0.026627633500231025,True,False,False,False,True
PRV53320,0,0,0.07696376320874827,True,False,False,False,True
PRV54681,0,0,0.052052930398397895,True,False,False,False,True
PRV55357,0,0,0.010509981914999357,True,False,False,False,True
PRV56839,0,0,0.004272557560672058,True,False,False,False,True
PRV57329,0,0,0.00011646170808243647,True,False,False,False,True
PRV52621,0,1,0.5372213002089892,False,True,False,False,False
PRV54834,0,0,0.08453962139355019,True,False,False,False,True
PRV56550,1,1,0.8097378333215584,True,False,False,True,False
PRV53658,0,0,0.018932035854693545,True,False,False,False,True
PRV53704,0,0,0.0010028921153340524,True,False,False,False,True
PRV54414,0,0,0.05065501011451654,True,False,False,False,True
PRV57413,0,0,0.014703511406604136,True,False,False,False,True
PRV51316,0,0,0.03103341792438731,True,False,False,False,True
PRV56361,1,0,0.1673364767768231,False,False,True,False,False
PRV52758,0,0,0.0,True,False,False,False,True
PRV53549,0,0,0.021082565658303017,True,False,False,False,True
PRV55185,0,0,0.4134524888684004,True,False,False,False,True
PRV57590,0,0,0.02822977731612383,True,False,False,False,True
PRV54238,0,0,0.2435105041256483,True,False,False,False,True
PRV53884,1,1,0.9300205537077183,True,False,False,True,False
PRV55364,0,0,0.0,True,False,False,False,True
PRV52228,0,0,0.0,True,False,False,False,True
PRV56268,1,1,0.8165137272266899,True,False,False,True,False
PRV52303,0,0,0.2745744589227016,True,False,False,False,True
PRV53319,0,0,0.1975976078058175,True,False,False,False,True
PRV56726,0,0,0.09492164475566169,True,False,False,False,True
PRV52850,0,0,0.04608506145990203,True,False,False,False,True
PRV53799,0,0,0.3308538072972964,True,False,False,False,True
PRV51017,0,0,0.041935922514058345,True,False,False,False,True
PRV52416,0,0,0.014952621079178788,True,False,False,False,True
PRV54361,1,1,0.5276263516043754,True,False,False,True,False
PRV57692,0,0,0.0,True,False,False,False,True
PRV55982,0,0,0.0,True,False,False,False,True
PRV53786,1,1,0.6977411977200577,True,False,False,True,False
PRV52008,0,0,0.0006268831145116217,True,False,False,False,True
PRV57216,0,0,0.3429560801110339,True,False,False,False,True
PRV53117,0,1,0.5920136721520506,False,True,False,False,False
PRV56546,0,0,0.04882196246844355,True,False,False,False,True
PRV51551,0,0,0.08935211910574228,True,False,False,False,True
PRV56021,0,0,0.0,True,False,False,False,True
PRV52320,1,1,0.9656703520170892,True,False,False,True,False
PRV51285,0,0,0.2597849480716689,True,False,False,False,True
PRV52728,0,0,0.01763737486095662,True,False,False,False,True
PRV53336,0,0,0.008791293213828426,True,False,False,False,True
PRV51008,0,0,0.020393220091249414,True,False,False,False,True
PRV55627,0,0,0.010290219225809347,True,False,False,False,True
PRV53623,1,0,0.4739703621921697,False,False,True,False,False
PRV55073,0,0,0.02056662532408037,True,False,False,False,True
PRV54505,1,0,0.056342744075901834,False,False,True,False,False
PRV53113,0,0,0.0012140858192531009,True,False,False,False,True
PRV51981,0,0,0.022403003824205195,True,False,False,False,True
PRV57110,0,0,0.010603788093896269,True,False,False,False,True
PRV56590,0,0,0.0018610969813693168,True,False,False,False,True
PRV51746,0,0,0.00011646170808243647,True,False,False,False,True
PRV57347,0,0,0.10980542241620576,True,False,False,False,True
PRV56945,0,0,0.00011646170808243647,True,False,False,False,True
PRV51509,0,0,0.4756493075522756,True,False,False,False,True
PRV57197,0,0,0.40822956922932296,True,False,False,False,True
PRV51579,0,0,0.38932682832575105,True,False,False,False,True
PRV52094,0,0,0.139021783696386,True,False,False,False,True
PRV55676,1,1,0.8816795838791437,True,False,False,True,False
PRV56339,0,0,0.0,True,False,False,False,True
PRV52001,0,0,0.47967875453935627,True,False,False,False,True
PRV52129,0,0,0.10409853221457321,True,False,False,False,True
PRV56034,0,0,0.0,True,False,False,False,True
PRV54836,0,0,0.0,True,False,False,False,True
PRV55292,0,0,0.0,True,False,False,False,True
PRV57563,0,0,0.0,True,False,False,False,True
PRV52985,1,1,0.9528477185800397,True,False,False,True,False
PRV51793,0,0,0.014873039068156353,True,False,False,False,True
PRV55122,0,0,0.0,True,False,False,False,True
PRV52341,0,0,0.002909561915657683,True,False,False,False,True
PRV51773,0,0,0.0,True,False,False,False,True
PRV53296,0,0,0.01869138013070773,True,False,False,False,True
PRV54555,0,0,0.015348729204350242,True,False,False,False,True
PRV56147,0,0,0.07004607396204822,True,False,False,False,True
PRV55408,0,0,0.0,True,False,False,False,True
PRV54917,0,0,0.41559617320432857,True,False,False,False,True
PRV55358,0,0,0.022555870177348475,True,False,False,False,True
PRV53815,0,0,0.0,True,False,False,False,True
PRV54589,0,0,0.0,True,False,False,False,True
PRV55556,0,0,0.035716647154030376,True,False,False,False,True
PRV54819,0,0,0.15378372928489223,True,False,False,False,True
PRV51595,0,0,0.0006130138209349671,True,False,False,False,True
PRV56410,0,0,0.15759629194926744,True,False,False,False,True
PRV54497,0,0,0.00906522313176657,True,False,False,False,True
PRV56585,0,0,0.0,True,False,False,False,True
PRV51748,0,0,0.005923779122369338,True,False,False,False,True
PRV55120,0,0,0.03378420143583212,True,False,False,False,True
PRV51059,1,1,0.7705080554263763,True,False,False,True,False
PRV51522,0,0,0.25580600401202885,True,False,False,False,True
PRV55816,0,0,0.0,True,False,False,False,True
PRV56888,0,0,0.00906522313176657,True,False,False,False,True
PRV54550,0,0,0.0025795180195112184,True,False,False,False,True
PRV51005,1,0,0.19017816294194825,False,False,True,False,False
PRV55036,0,0,0.011456420178699514,True,False,False,False,True
PRV53964,0,0,0.028241215381639703,True,False,False,False,True
PRV54473,0,0,0.02318784852182044,True,False,False,False,True
PRV55447,0,0,0.013160375721169524,True,False,False,False,True
PRV55595,0,0,0.008290268051195364,True,False,False,False,True
PRV52325,1,1,0.690725849443962,True,False,False,True,False
PRV51723,0,0,0.02071458840569467,True,False,False,False,True
PRV53489,0,0,0.06712353387720313,True,False,False,False,True
PRV55372,0,0,0.01,True,False,False,False,True
PRV57521,0,0,0.3398320193593874,True,False,False,False,True
PRV51494,0,0,0.004389019268754494,True,False,False,False,True
PRV55830,0,0,0.09146466229990312,True,False,False,False,True
PRV51054,0,0,0.0007294755290174035,True,False,False,False,True
PRV53317,0,0,0.10186661591102342,True,False,False,False,True
PRV52616,0,0,0.00906522313176657,True,False,False,False,True
PRV51029,0,0,0.00011646170808243647,True,False,False,False,True
PRV53034,0,0,0.0,True,False,False,False,True
PRV56588,1,1,0.8263562562283784,True,False,False,True,False
PRV55106,0,0,0.0,True,False,False,False,True
PRV56412,0,0,0.14950932485583504,True,False,False,False,True
PRV56792,0,0,0.0,True,False,False,False,True
PRV56965,0,0,0.0,True,False,False,False,True
PRV57305,0,0,0.30064841082033456,True,False,False,False,True
PRV51274,0,0,0.07205335784777354,True,False,False,False,True
PRV55732,0,0,0.44718658869593425,True,False,False,False,True
PRV51100,0,0,0.037023190422612734,True,False,False,False,True
PRV55671,0,0,0.0,True,False,False,False,True
PRV55789,0,0,0.020443758409746517,True,False,False,False,True
PRV54976,0,0,0.00011646170808243647,True,False,False,False,True
PRV56301,0,0,0.0,True,False,False,False,True
PRV54772,1,1,0.9289776682800643,True,False,False,True,False
PRV57227,0,0,0.3371257464441004,True,False,False,False,True
PRV54157,0,0,0.051334236222335655,True,False,False,False,True
PRV54258,1,1,0.9641586449751434,True,False,False,True,False
PRV55314,0,0,0.010136851073540993,True,False,False,False,True
PRV55363,0,0,0.017540361531899556,True,False,False,False,True
PRV53387,0,0,0.03483051310451921,True,False,False,False,True
PRV53788,0,0,0.0,True,False,False,False,True
PRV57552,0,0,0.0,True,False,False,False,True
PRV56166,0,0,0.006177793773618859,True,False,False,False,True
PRV51734,0,0,0.02514251664742257,True,False,False,False,True
PRV57052,0,0,0.0,True,False,False,False,True
PRV56721,0,0,0.03736141370175296,True,False,False,False,True
PRV55031,0,0,0.06517243912361709,True,False,False,False,True
PRV54135,0,0,0.02102329912593778,True,False,False,False,True
PRV56570,0,0,0.21054882037117056,True,False,False,False,True
PRV55045,0,0,0.00011646170808243647,True,False,False,False,True
PRV53066,0,0,0.0006130138209349671,True,False,False,False,True
PRV56267,0,0,0.03300920417717577,True,False,False,False,True
PRV53784,0,0,0.004550980131139067,True,False,False,False,True
PRV56355,0,0,0.18507624988868565,True,False,False,False,True
PRV56247,0,0,0.0772054215365871,True,False,False,False,True
PRV53354,0,0,0.013003589392528134,True,False,False,False,True
PRV56601,0,0,0.03634014184260682,True,False,False,False,True
PRV52882,0,0,0.007464492530000244,True,False,False,False,True
PRV56729,0,0,0.010248386452571668,True,False,False,False,True
PRV54596,0,0,0.006165800915130894,True,False,False,False,True
PRV55515,0,0,0.39235886776620055,True,False,False,False,True
PRV55215,1,1,0.8622178422344874,True,False,False,True,False
PRV53642,0,0,0.0,True,False,False,False,True
PRV53562,0,0,0.028130446263533136,True,False,False,False,True
PRV52435,0,0,0.04255728389526391,True,False,False,False,True
PRV55493,0,0,0.0016297752298456742,True,False,False,False,True
PRV57470,0,0,0.0,True,False,False,False,True
PRV56576,0,0,0.0452094978937386,True,False,False,False,True
PRV56647,1,1,0.9600004912654314,True,False,False,True,False
PRV53708,0,0,0.06720248556707759,True,False,False,False,True
PRV53716,0,0,0.010496227227932295,True,False,False,False,True
PRV55281,0,0,0.03368539493382492,True,False,False,False,True
PRV53373,0,0,0.01,True,False,False,False,True
PRV51276,0,0,0.12200576205137038,True,False,False,False,True
PRV53581,0,0,0.0,True,False,False,False,True
PRV53968,0,0,0.010025486231273252,True,False,False,False,True
PRV53945,0,0,0.00011646170808243647,True,False,False,False,True
PRV54885,0,1,0.6624358435868685,False,True,False,False,False
PRV55584,0,0,0.008290268051195364,True,False,False,False,True
PRV57447,0,0,0.0,True,False,False,False,True
PRV54860,0,0,0.014017633608244711,True,False,False,False,True
PRV54578,0,0,0.01970653987497721,True,False,False,False,True
PRV53970,0,0,0.02772566712773024,True,False,False,False,True
PRV54748,0,0,0.009784160947733237,True,False,False,False,True
PRV53388,0,0,0.18177034170503764,True,False,False,False,True
PRV53951,1,0,0.33341619200378053,False,False,True,False,False
PRV52876,0,1,0.7063309188536011,False,True,False,False,False
PRV54830,0,0,0.0,True,False,False,False,True
PRV54841,0,0,0.02671226414562206,True,False,False,False,True
PRV57441,0,0,0.08448824419255452,True,False,False,False,True
PRV52219,0,0,0.0,True,False,False,False,True
PRV55398,0,0,0.0,True,False,False,False,True
PRV56275,0,0,0.009373517329879658,True,False,False,False,True
PRV56575,1,1,0.8741192173856511,True,False,False,True,False
PRV53940,0,0,0.0016297752298456742,True,False,False,False,True
PRV54107,0,0,0.009902986670942937,True,False,False,False,True
PRV54275,0,0,0.00853343276162068,True,False,False,False,True
PRV56772,0,0,0.03745409853939122,True,False,False,False,True
PRV57443,0,0,0.03657575001007885,True,False,False,False,True
PRV51289,0,0,0.05776579859666683,True,False,False,False,True
PRV52799,0,0,0.0,True,False,False,False,True
PRV54761,0,0,0.40309893444630585,True,False,False,False,True
PRV56190,0,0,0.08972089794996227,True,False,False,False,True
PRV56538,0,0,0.0,True,False,False,False,True
PRV56987,0,0,0.0,True,False,False,False,True
PRV54208,0,0,0.1859417820768772,True,False,False,False,True
PRV52226,0,0,0.0,True,False,False,False,True
PRV57487,0,0,0.1764398571901578,True,False,False,False,True
PRV55506,1,1,0.6728455679907546,True,False,False,True,False
PRV55114,0,0,0.0008840419231066359,True,False,False,False,True
PRV53612,0,0,0.09006823716530593,True,False,False,False,True
PRV51951,1,1,0.8744962712032216,True,False,False,True,False
PRV56237,0,0,0.04502005650006753,True,False,False,False,True
PRV52555,0,0,0.0,True,False,False,False,True
PRV57038,0,0,0.0016297752298456742,True,False,False,False,True
PRV56793,0,0,0.026012627790525936,True,False,False,False,True
PRV56688,0,0,0.0008377635391763681,True,False,False,False,True
PRV55834,0,0,0.4386333455358071,True,False,False,False,True
PRV54359,1,0,0.48282699481331987,False,False,True,False,False
PRV57702,0,0,0.4497371047448779,True,False,False,False,True
PRV53605,0,0,0.011629775229845676,True,False,False,False,True
PRV54664,0,0,0.00427255756067206,True,False,False,False,True
PRV52669,0,0,0.0030594421174583377,True,False,False,False,True
PRV55404,0,0,0.0,True,False,False,False,True
PRV53110,0,0,0.01540039326547568,True,False,False,False,True
PRV51456,0,1,0.9755209135341961,False,True,False,False,False
PRV54511,0,0,0.01856957700221503,True,False,False,False,True
PRV53308,0,0,0.10809094134306038,True,False,False,False,True
PRV52286,0,0,0.02504332009349827,True,False,False,False,True
PRV51477,0,0,0.0036177365678478624,True,False,False,False,True
PRV57657,0,0,0.0033025493025493017,True,False,False,False,True
PRV51645,0,0,0.007079810270158796,True,False,False,False,True
PRV55563,0,0,0.0019816660342773,True,False,False,False,True
PRV55224,0,0,0.02210484920316171,True,False,False,False,True
PRV56764,0,0,0.09598209385802914,True,False,False,False,True
PRV52801,0,0,0.00303766660937583,True,False,False,False,True
PRV55614,0,0,0.047179891330241544,True,False,False,False,True
PRV54064,0,0,0.30381867614673114,True,False,False,False,True
PRV56511,0,0,0.0,True,False,False,False,True
PRV54278,0,0,0.00011646170808243647,True,False,False,False,True
PRV51974,0,0,0.0,True,False,False,False,True
PRV54887,0,0,0.001827099640188068,True,False,False,False,True
PRV51552,0,0,0.06954534949180101,True,False,False,False,True
PRV53187,0,0,0.0,True,False,False,False,True
PRV52412,0,0,0.002335738972288267,True,False,False,False,True
PRV52606,0,0,0.03454378446904655,True,False,False,False,True
PRV56537,0,0,0.0016297752298456742,True,False,False,False,True
PRV56658,0,0,0.01205115236832248,True,False,False,False,True
PRV56903,0,0,0.025676329551368227,True,False,False,False,True
PRV56086,0,0,0.0,True,False,False,False,True
PRV56200,0,0,0.00011646170808243647,True,False,False,False,True
PRV57232,0,0,0.0,True,False,False,False,True
PRV52380,0,0,0.0,True,False,False,False,True
PRV51358,0,0,0.05069507381079177,True,False,False,False,True
PRV57265,0,0,0.053225343055268756,True,False,False,False,True
PRV56633,0,0,0.0022192772642058304,True,False,False,False,True
PRV53252,0,0,0.10795206282786086,True,False,False,False,True
PRV53262,0,0,0.017132124858376105,True,False,False,False,True
PRV52120,1,1,0.9708493395070549,True,False,False,True,False
PRV57245,0,0,0.07065844655095672,True,False,False,False,True
PRV56347,0,0,0.11132684024714054,True,False,False,False,True
PRV54110,0,0,0.0,True,False,False,False,True
PRV54430,0,0,0.03960988530779188,True,False,False,False,True
PRV54651,1,1,0.6983611982195717,True,False,False,True,False
PRV53849,0,0,0.0401757450573995,True,False,False,False,True
PRV53245,1,1,0.751321493115375,True,False,False,True,False
PRV55353,0,0,0.00011646170808243647,True,False,False,False,True
PRV55668,0,0,0.04494521565499929,True,False,False,False,True
PRV56181,0,0,0.0008840419231066359,True,False,False,False,True
PRV55942,0,0,0.02976038129938693,True,False,False,False,True
PRV55435,1,1,0.9750582061748383,True,False,False,True,False
PRV55702,0,0,0.0,True,False,False,False,True
PRV53783,0,0,0.016867591184234084,True,False,False,False,True
PRV56724,0,0,0.03166773009163116,True,False,False,False,True
PRV52724,0,0,0.00906522313176657,True,False,False,False,True
PRV57426,0,0,0.0012480831604343497,True,False,False,False,True
PRV53289,0,0,0.021028546128537346,True,False,False,False,True
PRV52584,0,0,0.1261439879660458,True,False,False,False,True
PRV54697,0,0,0.0,True,False,False,False,True
PRV55437,1,1,0.7720014030768592,True,False,False,True,False
PRV52775,0,0,0.0,True,False,False,False,True
PRV57667,1,0,0.060239913125992486,False,False,True,False,False
PRV54153,0,0,0.019000763744497183,True,False,False,False,True
PRV54684,0,0,0.011214085819253101,True,False,False,False,True
PRV51781,0,0,0.012390474458016826,True,False,False,False,True
PRV53052,0,0,0.02375063325869437,True,False,False,False,True
PRV51075,0,0,0.023016017645140163,True,False,False,False,True
PRV55267,0,0,0.009181684839849005,True,False,False,False,True
PRV57732,0,0,0.03902985605636376,True,False,False,False,True
PRV56425,1,0,0.38489431732857127,False,False,True,False,False
PRV51590,1,1,0.8914684601429903,True,False,False,True,False
PRV56033,0,0,0.13871609905840082,True,False,False,False,True
PRV56551,0,0,0.010892322771954639,True,False,False,False,True
PRV56758,0,0,0.2579458515449338,True,False,False,False,True
PRV54280,0,0,0.01773568029726535,True,False,False,False,True
PRV55856,0,0,0.051279059534148734,True,False,False,False,True
PRV57490,0,0,0.21340036553931038,True,False,False,False,True
PRV55562,0,0,0.00906522313176657,True,False,False,False,True
PRV56840,0,0,0.05500040259522072,True,False,False,False,True
PRV55248,0,0,0.009504353870448463,True,False,False,False,True
PRV53469,0,0,0.0006130138209349671,True,False,False,False,True
PRV53646,0,0,0.0,True,False,False,False,True
PRV56304,0,0,0.018743460084468106,True,False,False,False,True
PRV53676,0,0,0.06818028374733795,True,False,False,False,True
PRV55637,0,0,0.07961462143691579,True,False,False,False,True
PRV54514,1,1,0.657481567890211,True,False,False,True,False
PRV53426,0,0,0.0,True,False,False,False,True
PRV54820,0,0,0.079088233633672,True,False,False,False,True
PRV56937,0,0,0.0,True,False,False,False,True
PRV55617,0,0,0.0,True,False,False,False,True
PRV57564,0,0,0.0,True,False,False,False,True
PRV53421,1,1,0.9852290281613013,True,False,False,True,False
PRV53180,0,0,0.06152575175739001,True,False,False,False,True
PRV53644,0,0,0.0,True,False,False,False,True
PRV57130,0,0,0.011724211591573155,True,False,False,False,True
PRV56930,0,0,0.008290268051195364,True,False,False,False,True
PRV51204,0,0,0.028130446263533136,True,False,False,False,True
PRV56207,0,0,0.07504939267973194,True,False,False,False,True
PRV57415,0,0,0.047669314832368574,True,False,False,False,True
PRV51139,0,0,0.02996350504303385,True,False,False,False,True
PRV53547,0,0,0.02785695463957719,True,False,False,False,True
PRV51977,0,0,0.0,True,False,False,False,True
PRV55736,0,0,0.43286798336637533,True,False,False,False,True
PRV53111,0,0,0.06358861073247277,True,False,False,False,True
PRV54809,0,0,0.00011646170808243647,True,False,False,False,True
PRV55835,1,0,0.433213197752941,False,False,True,False,False
PRV53248,0,0,0.03342417789076789,True,False,False,False,True
PRV54410,0,0,0.0,True,False,False,False,True
PRV51327,0,0,0.002229245563522578,True,False,False,False,True
PRV54559,0,0,0.44569856278514935,True,False,False,False,True
PRV57707,0,0,0.0,True,False,False,False,True
PRV55921,0,0,0.00011646170808243647,True,False,False,False,True
PRV57303,0,0,0.13542884438936253,True,False,False,False,True
PRV57712,0,0,0.011986428033059963,True,False,False,False,True
PRV52390,0,0,0.03409216802421995,True,False,False,False,True
PRV57278,0,0,0.0,True,False,False,False,True
PRV51895,0,0,0.05466008104967486,True,False,False,False,True
PRV55663,0,0,0.011363388883540566,True,False,False,False,True
PRV53911,1,1,0.7996418631868235,True,False,False,True,False
PRV57138,0,0,0.0,True,False,False,False,True
PRV51856,0,0,0.011214085819253101,True,False,False,False,True
PRV52615,0,0,0.01685579508268846,True,False,False,False,True
PRV53829,0,0,0.0029212049012933934,True,False,False,False,True
PRV53530,0,0,0.006165800915130894,True,False,False,False,True
PRV55003,0,0,0.05548594200108772,True,False,False,False,True
PRV54233,0,0,0.0,True,False,False,False,True
PRV51181,0,0,0.01877690570404611,True,False,False,False,True
PRV56041,0,0,0.0419193877066226,True,False,False,False,True
PRV56614,0,0,0.17515495567303177,True,False,False,False,True
PRV56216,0,0,0.12439126157858002,True,False,False,False,True
PRV56710,0,0,0.0725523983327565,True,False,False,False,True
PRV52963,0,0,0.00906522313176657,True,False,False,False,True
PRV54794,0,0,0.0,True,False,False,False,True
PRV54074,1,1,0.8106230108449907,True,False,False,True,False
PRV56797,0,0,0.007079810270158796,True,False,False,False,True
PRV54201,0,0,0.0015385649621296993,True,False,False,False,True
PRV53072,0,0,0.0010005036311890724,True,False,False,False,True
PRV54076,0,0,0.06686321595338642,True,False,False,False,True
PRV53168,0,0,0.0,True,False,False,False,True
PRV56165,0,0,0.0006130138209349671,True,False,False,False,True
PRV53133,0,0,0.014426862020734725,True,False,False,False,True
PRV52211,0,0,0.0184638262485282,True,False,False,False,True
PRV54416,0,0,0.01813044626353314,True,False,False,False,True
PRV55076,0,0,0.0,True,False,False,False,True
PRV53947,0,0,0.0,True,False,False,False,True
PRV54186,0,0,0.0,True,False,False,False,True
PRV57140,0,0,0.0,True,False,False,False,True
PRV54044,0,0,0.0,True,False,False,False,True
PRV56209,0,0,0.0012140858192531009,True,False,False,False,True
PRV54308,0,0,0.0,True,False,False,False,True
PRV57082,0,0,0.04775119591992813,True,False,False,False,True
PRV52551,0,0,0.0,True,False,False,False,True
PRV52251,0,0,0.0,True,False,False,False,True
PRV51364,0,0,0.05705276724518063,True,False,False,False,True
PRV53431,0,0,0.0813375120347545,True,False,False,False,True
PRV56777,0,0,0.17034543530666282,True,False,False,False,True
PRV56174,0,0,0.0,True,False,False,False,True
PRV56130,0,0,0.09475997871926978,True,False,False,False,True
PRV53506,0,0,0.0030594421174583377,True,False,False,False,True
PRV53723,0,0,0.0,True,False,False,False,True
PRV53251,0,0,0.1874464182301786,True,False,False,False,True
PRV57100,0,0,0.0010976241111706644,True,False,False,False,True
PRV51987,0,0,0.0,True,False,False,False,True
PRV57184,0,0,0.08582550730389452,True,False,False,False,True
PRV57504,0,0,0.021013739341623934,True,False,False,False,True
PRV54827,0,0,0.0,True,False,False,False,True
PRV57139,0,0,0.0008840419231066359,True,False,False,False,True
PRV52905,0,0,0.01711060953169918,True,False,False,False,True
PRV55901,0,0,0.016155274766424876,True,False,False,False,True
PRV52478,0,0,0.12774368361698124,True,False,False,False,True
PRV52423,0,0,0.008185794361094175,True,False,False,False,True
PRV52996,0,0,0.0007294755290174035,True,False,False,False,True
PRV54038,0,0,0.0006130138209349671,True,False,False,False,True
PRV54334,0,0,0.024616137701586407,True,False,False,False,True
PRV52656,0,0,0.18015481076806641,True,False,False,False,True
PRV51191,0,0,0.014685410126927803,True,False,False,False,True
PRV54123,0,0,0.050855543554988475,True,False,False,False,True
PRV54757,0,0,0.1751729221457677,True,False,False,False,True
PRV56199,0,0,0.0,True,False,False,False,True
PRV56164,0,0,0.0010028921153340524,True,False,False,False,True
PRV54900,0,0,0.03355493908002958,True,False,False,False,True
PRV52304,0,0,0.05892969741453282,True,False,False,False,True
PRV52334,0,0,0.056325870818182286,True,False,False,False,True
PRV55244,0,0,0.00011646170808243647,True,False,False,False,True
PRV52257,0,0,0.0031925318404461855,True,False,False,False,True
PRV57074,0,0,0.019667699239650803,True,False,False,False,True
PRV51831,0,0,0.008290268051195364,True,False,False,False,True
PRV53689,0,0,0.28889138035581263,True,False,False,False,True
PRV51398,0,0,0.017359119221178464,True,False,False,False,True
PRV57570,0,0,0.0,True,False,False,False,True
PRV52851,0,0,0.032421110614050626,True,False,False,False,True
PRV55465,0,1,0.5681289149531252,False,True,False,False,False
PRV52787,0,0,0.0,True,False,False,False,True
PRV55539,0,0,0.0,True,False,False,False,True
PRV51432,0,0,0.11096704551151092,True,False,False,False,True
PRV57272,0,0,0.006133654542041373,True,False,False,False,True
PRV54503,0,0,0.0,True,False,False,False,True
PRV54008,0,0,0.0012140858192531009,True,False,False,False,True
PRV57598,0,0,0.009692106246278191,True,False,False,False,True
PRV54564,0,1,0.7192817621561738,False,True,False,False,False
PRV55661,0,0,0.17610636409387243,True,False,False,False,True
PRV53625,0,0,0.0012140858192531009,True,False,False,False,True
PRV52506,0,0,0.0,True,False,False,False,True
PRV53314,0,0,0.08906643950936205,True,False,False,False,True
PRV55260,0,0,0.0012140858192531009,True,False,False,False,True
PRV56909,0,0,0.08222282796092482,True,False,False,False,True
PRV55867,0,0,0.11914467880916753,True,False,False,False,True
PRV51236,0,0,0.00906522313176657,True,False,False,False,True
PRV51884,0,0,0.008263142268200295,True,False,False,False,True
PRV52115,1,1,0.7778101815365223,True,False,False,True,False
PRV57687,0,0,0.0,True,False,False,False,True
PRV56142,0,0,0.38700647615689887,True,False,False,False,True
PRV55156,0,0,0.0,True,False,False,False,True
PRV56782,0,0,0.07626175814718233,True,False,False,False,True
PRV55057,1,0,0.2023797833125968,False,False,True,False,False
PRV57096,1,1,0.5449591041395788,True,False,False,True,False
PRV51988,0,0,0.033260328549553096,True,False,False,False,True
PRV56607,0,0,0.17525153002579533,True,False,False,False,True
PRV51709,0,0,0.0,True,False,False,False,True
PRV51787,0,0,0.0,True,False,False,False,True
PRV54745,0,1,0.5025359843871181,False,True,False,False,False
PRV52576,0,0,0.006022649668983031,True,False,False,False,True
PRV52135,1,1,0.9910008050788833,True,False,False,True,False
PRV57301,0,0,0.06158237427227148,True,False,False,False,True
PRV57748,0,0,0.007196271978241232,True,False,False,False,True
PRV56884,0,0,0.008791293213828426,True,False,False,False,True
PRV55023,0,1,0.8633006701339947,False,True,False,False,False
PRV57584,0,0,0.08554319545887477,True,False,False,False,True
PRV53697,0,1,0.6042410615188564,False,True,False,False,False
PRV55026,0,0,0.03446648845417585,True,False,False,False,True
PRV54506,0,0,0.07124703637987811,True,False,False,False,True
PRV53471,0,0,0.061945883383186434,True,False,False,False,True
PRV56231,1,1,0.5738231257124029,True,False,False,True,False
PRV52719,0,0,0.017423674689269655,True,False,False,False,True
PRV55338,0,0,0.01049278398815917,True,False,False,False,True
PRV52590,1,1,0.9907817656736081,True,False,False,True,False
PRV52865,0,0,0.018801341685738642,True,False,False,False,True
PRV54148,0,0,0.0,True,False,False,False,True
PRV52366,0,0,0.4562985811171059,True,False,False,False,True
PRV56476,0,0,0.017355491182961934,True,False,False,False,True
PRV53722,0,0,0.0,True,False,False,False,True
PRV53767,0,0,0.012271885260086646,True,False,False,False,True
PRV51691,0,0,0.00011646170808243647,True,False,False,False,True
PRV53272,0,0,0.05606533765997604,True,False,False,False,True
PRV56156,0,0,0.03030012754050547,True,False,False,False,True
PRV52668,0,0,0.00906522313176657,True,False,False,False,True
PRV53416,0,0,0.12418028692112439,True,False,False,False,True
PRV57010,0,0,0.00011646170808243647,True,False,False,False,True
PRV54776,0,0,0.022960530000969225,True,False,False,False,True
PRV57119,0,0,0.0,True,False,False,False,True
PRV57634,0,0,0.028242617662276096,True,False,False,False,True
PRV55766,0,0,0.03851532425618085,True,False,False,False,True
PRV52414,0,0,0.021347149406563765,True,False,False,False,True
PRV54486,0,0,0.022013975924989805,True,False,False,False,True
PRV51555,0,0,0.00011646170808243647,True,False,False,False,True
PRV52161,0,0,0.0,True,False,False,False,True
PRV54502,0,0,0.031808373004958514,True,False,False,False,True
PRV55231,0,0,0.011214085819253101,True,False,False,False,True
PRV52197,0,0,0.06716665907796084,True,False,False,False,True
PRV53590,0,0,0.06215567661665215,True,False,False,False,True
PRV56738,0,0,0.4944539961754564,True,False,False,False,True
PRV54432,0,0,0.0,True,False,False,False,True
PRV57548,1,1,0.8558424681762308,True,False,False,True,False
PRV51126,1,0,0.45932394901443563,False,False,True,False,False
PRV51200,0,0,0.0008840419231066359,True,False,False,False,True
PRV52346,0,0,0.3985268906893267,True,False,False,False,True
PRV55007,0,0,0.0,True,False,False,False,True
PRV51314,0,0,0.009299087534364626,True,False,False,False,True
PRV52818,0,0,0.00011646170808243647,True,False,False,False,True
PRV53688,0,0,0.0029212049012933934,True,False,False,False,True
PRV52912,0,0,0.0388244881576787,True,False,False,False,True
PRV57211,0,0,0.06492165172599296,True,False,False,False,True
PRV51355,0,0,0.2200632868982274,True,False,False,False,True
PRV54876,1,0,0.28726960920271116,False,False,True,False,False
PRV52783,0,0,0.0,True,False,False,False,True
PRV54662,0,0,0.0725560170826522,True,False,False,False,True
PRV55096,0,0,0.005933020053750515,True,False,False,False,True
PRV56905,0,0,0.00890328187213033,True,False,False,False,True
PRV51011,0,0,0.004169288061727743,True,False,False,False,True
PRV56915,0,0,0.009509695290858726,True,False,False,False,True
PRV52156,0,0,0.2085583846618525,True,False,False,False,True
PRV52255,0,0,0.022348689995671352,True,False,False,False,True
PRV56490,0,0,0.06197339075523455,True,False,False,False,True
PRV54713,0,0,0.0010028921153340524,True,False,False,False,True
PRV53172,0,0,0.025284415874812102,True,False,False,False,True
PRV56852,0,0,0.00906522313176657,True,False,False,False,True
PRV55846,0,1,0.5325130532200583,False,True,False,False,False
PRV53525,0,0,0.008290268051195364,True,False,False,False,True
PRV57436,0,0,0.0180744289989286,True,False,False,False,True
PRV57715,0,1,0.6526767893347122,False,True,False,False,False
PRV55779,0,0,0.00906522313176657,True,False,False,False,True
PRV55302,0,0,0.0030594421174583377,True,False,False,False,True
PRV57172,1,1,0.8500844414653602,True,False,False,True,False
PRV56088,0,0,0.009737891087461335,True,False,False,False,True
PRV51695,0,0,0.34422382569979026,True,False,False,False,True
PRV51838,0,0,0.01962263537938447,True,False,False,False,True
PRV55754,0,0,0.0010028921153340524,True,False,False,False,True
PRV55984,0,0,0.051547856936127366,True,False,False,False,True
PRV51235,0,0,0.009065223131766567,True,False,False,False,True
PRV56701,0,0,0.017021026639505686,True,False,False,False,True
PRV54504,1,0,0.2733330336518507,False,False,True,False,False
PRV51963,0,0,0.006811438182421889,True,False,False,False,True
PRV57561,0,0,0.0015385649621296993,True,False,False,False,True
PRV54191,0,0,0.00906522313176657,True,False,False,False,True
PRV55111,0,0,0.02701566315029367,True,False,False,False,True
PRV54747,0,0,0.004194600506685481,True,False,False,False,True
PRV55218,0,0,0.002727399341016339,True,False,False,False,True
PRV57479,0,0,0.005807317414286902,True,False,False,False,True
PRV55173,0,0,0.00011646170808243647,True,False,False,False,True
PRV56992,0,0,0.0,True,False,False,False,True
PRV55261,0,0,0.03741499010935527,True,False,False,False,True
PRV51179,0,0,0.01869138013070773,True,False,False,False,True
PRV54577,0,1,0.5479130856383009,False,True,False,False,False
PRV56813,0,0,0.00011646170808243647,True,False,False,False,True
PRV55300,0,0,0.02231083431705626,True,False,False,False,True
PRV57539,0,0,0.009181684839849005,True,False,False,False,True
PRV54093,1,1,0.8322619160841503,True,False,False,True,False
PRV53698,0,0,0.019181684839849007,True,False,False,False,True
PRV55242,0,0,0.22326632425572077,True,False,False,False,True
PRV55262,0,1,0.6041114513192892,False,True,False,False,False
PRV56245,0,0,0.08871052861269088,True,False,False,False,True
PRV57660,0,0,0.0185749184226253,True,False,False,False,True
PRV53808,1,1,0.9609560131834237,True,False,False,True,False
PRV52335,0,0,0.3191275108720976,True,False,False,False,True
PRV55675,0,0,0.09254006577471051,True,False,False,False,True
PRV51601,0,0,0.0,True,False,False,False,True
PRV52292,1,1,0.7831349251330988,True,False,False,True,False
PRV52289,0,0,0.0,True,False,False,False,True
PRV53960,0,0,0.28186904949725095,True,False,False,False,True
PRV52328,0,0,0.07938034811356459,True,False,False,False,True
PRV56673,0,0,0.017725667127730244,True,False,False,False,True
PRV54907,0,0,0.010723781110111828,True,False,False,False,True
PRV51016,0,0,0.0,True,False,False,False,True
PRV56739,0,0,0.0,True,False,False,False,True
PRV57311,0,0,0.1723261864651558,True,False,False,False,True
PRV53261,0,0,0.14594761097460537,True,False,False,False,True
PRV57046,0,0,0.048085246225323196,True,False,False,False,True
PRV51704,0,0,0.037562003452235614,True,False,False,False,True
PRV51733,0,0,0.04055916559672535,True,False,False,False,True
PRV52596,0,0,0.0,True,False,False,False,True
PRV56946,0,0,0.018813909770982813,True,False,False,False,True
PRV53824,0,0,0.0012140858192531009,True,False,False,False,True
PRV53337,0,0,0.026790890259496814,True,False,False,False,True
PRV56920,0,0,0.0,True,False,False,False,True
PRV54710,0,0,0.00906522313176657,True,False,False,False,True
PRV57235,0,0,0.03297728341445033,True,False,False,False,True
PRV54902,0,0,0.002268040491147103,True,False,False,False,True
PRV57679,0,0,0.0030594421174583377,True,False,False,False,True
PRV51143,0,0,0.009874529815216773,True,False,False,False,True
PRV56377,0,0,0.0,True,False,False,False,True
PRV54380,0,0,0.009828833013325062,True,False,False,False,True
PRV51479,0,0,0.0926631375206937,True,False,False,False,True
PRV54786,1,1,0.7661614051823536,True,False,False,True,False
PRV56802,0,0,0.11108624472571854,True,False,False,False,True
PRV51351,0,0,0.00011646170808243647,True,False,False,False,True
PRV53927,0,0,0.008290268051195364,True,False,False,False,True
PRV57759,0,0,0.010116461708082437,True,False,False,False,True
PRV56484,0,0,0.0,True,False,False,False,True
PRV52683,0,0,0.0008377635391763681,True,False,False,False,True
PRV57255,0,0,0.04012806181564452,True,False,False,False,True
PRV54142,0,0,0.03548593744649507,True,False,False,False,True
PRV54708,0,0,0.008290268051195364,True,False,False,False,True
PRV51315,0,0,0.048755788667932426,True,False,False,False,True
PRV55483,1,1,0.9491990909302686,True,False,False,True,False
PRV54521,0,0,0.03401293645838998,True,False,False,False,True
PRV53726,0,0,0.00011646170808243647,True,False,False,False,True
PRV56115,0,0,0.0,True,False,False,False,True
PRV52687,0,0,0.013810603182509245,True,False,False,False,True
PRV54457,0,0,0.0,True,False,False,False,True
PRV54780,0,0,0.013354555634288666,True,False,False,False,True
PRV53640,0,0,0.0016297752298456742,True,False,False,False,True
PRV53820,0,0,0.0,True,False,False,False,True
PRV55913,1,1,0.7480794487638478,True,False,False,True,False
PRV51961,0,0,0.015682345751606555,True,False,False,False,True
PRV53204,0,0,0.0006130138209349671,True,False,False,False,True
PRV51923,0,0,0.007079810270158796,True,False,False,False,True
PRV57432,0,0,0.01736809006917929,True,False,False,False,True
PRV57706,0,0,0.00906522313176657,True,False,False,False,True
PRV52495,0,0,0.0530967127491256,True,False,False,False,True
PRV55039,1,1,0.8321372289444808,True,False,False,True,False
PRV54608,0,0,0.0,True,False,False,False,True
PRV52221,0,0,0.0,True,False,False,False,True
PRV53643,0,0,0.043979951073528874,True,False,False,False,True
PRV55734,0,0,0.15455481612588648,True,False,False,False,True
PRV51194,0,0,0.008545115121344118,True,False,False,False,True
PRV57174,0,0,0.06577708755269678,True,False,False,False,True
PRV55969,0,0,0.2780501823820815,True,False,False,False,True
PRV53214,0,0,0.008290268051195364,True,False,False,False,True
PRV54620,0,0,0.06796706157798683,True,False,False,False,True
PRV56464,0,0,0.007753836569039055,True,False,False,False,True
PRV54690,0,0,0.39021931998191134,True,False,False,False,True
PRV55767,0,0,0.0,True,False,False,False,True
PRV56438,1,1,0.9200087768218574,True,False,False,True,False
PRV56045,0,0,0.007753836569039055,True,False,False,False,True
PRV54869,0,0,0.0,True,False,False,False,True
PRV55538,0,0,0.0,True,False,False,False,True
PRV56012,1,1,0.6366279851314094,True,False,False,True,False
PRV55946,0,0,0.07305882964419093,True,False,False,False,True
PRV54230,1,1,0.7541062750896644,True,False,False,True,False
PRV53303,0,0,0.013032271027451376,True,False,False,False,True
PRV53924,0,0,0.00853343276162068,True,False,False,False,True
PRV53894,1,1,0.7441043235860942,True,False,False,True,False
PRV53816,0,0,0.0012140858192531009,True,False,False,False,True
PRV55252,0,0,0.002727399341016339,True,False,False,False,True
PRV53779,0,0,0.010364774201972958,True,False,False,False,True
PRV55470,0,0,0.17946921354272316,True,False,False,False,True
PRV55770,0,0,0.016702597992723188,True,False,False,False,True
PRV53064,0,0,0.01031330629220092,True,False,False,False,True
PRV51535,0,0,0.19207969398161723,True,False,False,False,True
PRV54339,0,0,0.24505928472119784,True,False,False,False,True
PRV54344,0,0,0.001811937804487019,True,False,False,False,True
PRV54758,0,0,0.0012140858192531009,True,False,False,False,True
PRV56582,0,0,0.0,True,False,False,False,True
PRV56308,0,0,0.0008840419231066359,True,False,False,False,True
PRV52766,0,0,0.0,True,False,False,False,True
PRV51719,0,0,0.0,True,False,False,False,True
PRV55785,0,0,0.0,True,False,False,False,True
PRV54517,0,0,0.008290268051195364,True,False,False,False,True
PRV55331,0,0,0.0,True,False,False,False,True
PRV56206,0,0,0.00011646170808243647,True,False,False,False,True
PRV55937,0,0,0.3319426288474706,True,False,False,False,True
PRV55110,0,0,0.0,True,False,False,False,True
PRV54743,1,0,0.2034432559275962,False,False,True,False,False
PRV57756,0,0,0.013245407102625239,True,False,False,False,True
PRV53294,0,0,0.49704324928304017,True,False,False,False,True
PRV55879,0,0,0.00906522313176657,True,False,False,False,True
PRV52511,1,1,0.8779264958687645,True,False,False,True,False
PRV56643,0,0,0.04481562649234776,True,False,False,False,True
PRV53297,1,0,0.4125198369587213,False,False,True,False,False
PRV55335,0,0,0.05652548361524572,True,False,False,False,True
PRV52057,0,0,0.27764728842768255,True,False,False,False,True
PRV57671,0,0,0.0,True,False,False,False,True
PRV53315,0,0,0.036537533123616954,True,False,False,False,True
PRV53614,0,0,0.019789004241878398,True,False,False,False,True
PRV53095,0,0,0.0,True,False,False,False,True
PRV54237,0,0,0.06109991916609052,True,False,False,False,True
PRV55607,0,0,0.018574918422625295,True,False,False,False,True
PRV55207,0,0,0.0012140858192531009,True,False,False,False,True
PRV54938,0,0,0.0012140858192531009,True,False,False,False,True
PRV57302,0,0,0.0,True,False,False,False,True
PRV55490,0,0,0.3264247675628357,True,False,False,False,True
PRV53604,0,0,0.06107066060291802,True,False,False,False,True
PRV54255,0,0,0.07261005465613063,True,False,False,False,True
PRV53710,0,1,0.6900000536861333,False,True,False,False,False
PRV57581,0,0,0.0010028921153340524,True,False,False,False,True
PRV54692,1,0,0.402313907451342,False,False,True,False,False
PRV56212,0,0,0.017355491182961934,True,False,False,False,True
PRV52072,0,1,0.5432735190840353,False,True,False,False,False
PRV54382,1,1,0.9023679289522447,True,False,False,True,False
PRV55631,0,0,0.009667699239650803,True,False,False,False,True
PRV54330,0,0,0.3938749303895285,True,False,False,False,True
PRV56517,0,0,0.01027930895101967,True,False,False,False,True
PRV52671,0,0,0.0,True,False,False,False,True
PRV51732,0,0,0.0,True,False,False,False,True
PRV51672,0,0,0.0,True,False,False,False,True
PRV55133,0,0,0.06511449532133834,True,False,False,False,True
PRV55161,0,0,0.018574918422625295,True,False,False,False,True
PRV55326,0,0,0.026537176022810936,True,False,False,False,True
PRV54508,0,0,0.0007294755290174035,True,False,False,False,True
PRV51914,0,0,0.0,True,False,False,False,True
PRV52937,0,0,0.008290268051195364,True,False,False,False,True
PRV52826,1,0,0.13923460969754697,False,False,True,False,False
PRV51041,0,0,0.015914155467194453,True,False,False,False,True
PRV53842,0,0,0.0,True,False,False,False,True
PRV56008,1,1,0.80564131184345,True,False,False,True,False
PRV51171,0,0,0.017600438409172692,True,False,False,False,True
PRV57213,0,0,0.013433363083458931,True,False,False,False,True
PRV52071,0,1,0.5459120226205328,False,True,False,False,False
PRV57277,0,0,0.0,True,False,False,False,True
PRV57306,1,1,0.7970017669370997,True,False,False,True,False
PRV53341,0,0,0.0,True,False,False,False,True
PRV53496,0,0,0.00011646170808243647,True,False,False,False,True
PRV51102,0,0,0.09710370013803268,True,False,False,False,True
PRV52079,0,0,0.23209343567137242,True,False,False,False,True
PRV56311,0,0,0.009589115665760541,True,False,False,False,True
PRV51201,0,0,0.01947626719401143,True,False,False,False,True
PRV54284,0,0,0.12521359290573159,True,False,False,False,True
PRV55705,0,0,0.08195439862204729,True,False,False,False,True
PRV54360,0,0,0.00011646170808243647,True,False,False,False,True
PRV53304,0,0,0.05028687723553136,True,False,False,False,True
PRV54756,0,0,0.033389902937367294,True,False,False,False,True
PRV51922,0,0,0.010681129068035589,True,False,False,False,True
PRV55843,0,0,0.03401489793518113,True,False,False,False,True
PRV54638,0,0,0.014285945381802913,True,False,False,False,True
PRV56918,1,1,0.5191415009881822,True,False,False,True,False
PRV53850,0,0,0.016145033401925364,True,False,False,False,True
PRV53369,0,0,0.0,True,False,False,False,True
PRV56628,0,0,0.11472305195216408,True,False,False,False,True
PRV54871,0,0,0.00906522313176657,True,False,False,False,True
PRV51215,0,0,0.0,True,False,False,False,True
PRV55769,0,0,0.015602357954571029,True,False,False,False,True
PRV52199,0,0,0.007079810270158796,True,False,False,False,True
PRV56999,0,0,0.00011646170808243647,True,False,False,False,True
PRV52063,0,1,0.8745830203975725,False,True,False,False,False
PRV53703,0,0,0.05049103998633239,True,False,False,False,True
PRV55581,0,0,0.0,True,False,False,False,True
PRV54848,0,1,0.7975064367682332,False,True,False,False,False
PRV51994,0,0,0.0007294755290174035,True,False,False,False,True
PRV54353,0,0,0.018908298407620358,True,False,False,False,True
PRV51342,0,0,0.49628322279160036,True,False,False,False,True
PRV51196,0,0,0.2870813660585882,True,False,False,False,True
PRV55807,0,0,0.008290268051195364,True,False,False,False,True
PRV57159,0,0,0.05176203696486556,True,False,False,False,True
PRV56722,0,0,0.04198695869805207,True,False,False,False,True
PRV56637,0,0,0.0018409689337647228,True,False,False,False,True
PRV57758,0,0,0.0,True,False,False,False,True
PRV54878,0,0,0.032948752793223235,True,False,False,False,True
PRV56364,0,0,0.0033025493025493017,True,False,False,False,True
PRV51511,0,0,0.007753836569039055,True,False,False,False,True
PRV54006,0,0,0.0,True,False,False,False,True
PRV56660,0,0,0.0,True,False,False,False,True
PRV54865,0,0,0.007637374860956618,True,False,False,False,True
PRV53686,0,0,0.028200839344068158,True,False,False,False,True
PRV53507,0,0,0.026397026892607256,True,False,False,False,True
PRV56754,0,0,0.03754739615249795,True,False,False,False,True
PRV55735,0,0,0.005138182835880547,True,False,False,False,True
PRV54553,0,0,0.02064131674321064,True,False,False,False,True
PRV55479,0,0,0.3387709553428894,True,False,False,False,True
PRV56686,0,0,0.22064293605405091,True,False,False,False,True
PRV57080,0,0,0.06805824224241987,True,False,False,False,True
PRV56416,1,1,0.9277253689977902,True,False,False,True,False
PRV57327,0,0,0.0,True,False,False,False,True
PRV53996,0,0,0.008290268051195364,True,False,False,False,True
PRV53551,0,0,0.014480108787711774,True,False,False,False,True
PRV53255,0,0,0.030448319850633933,True,False,False,False,True
PRV51330,0,0,0.0,True,False,False,False,True
PRV57109,0,0,0.042806154840789465,True,False,False,False,True
PRV51675,0,0,0.0,True,False,False,False,True
PRV53325,0,0,0.08046160225431255,True,False,False,False,True
PRV55194,1,1,0.9768095074532306,True,False,False,True,False
PRV54389,0,0,0.016874508930942767,True,False,False,False,True
PRV56563,0,0,0.04866926100502926,True,False,False,False,True
PRV57014,0,0,0.02803164029676072,True,False,False,False,True
PRV57324,0,1,0.5971324376942553,False,True,False,False,False
PRV52553,0,0,0.03649113180973977,True,False,False,False,True
PRV53532,0,0,0.0,True,False,False,False,True
PRV55801,0,0,0.02671226414562206,True,False,False,False,True
PRV55243,0,0,0.04655010253251766,True,False,False,False,True
PRV57210,1,0,0.2696482860190574,False,False,True,False,False
PRV52309,0,0,0.01896820980270951,True,False,False,False,True
PRV55996,1,1,0.7843310204202936,True,False,False,True,False
PRV54687,0,0,0.02292494323299637,True,False,False,False,True
PRV52807,0,0,0.007637374860956618,True,False,False,False,True
PRV54595,0,0,0.0016135174521240395,True,False,False,False,True
PRV52644,0,0,0.0874265021601627,True,False,False,False,True
PRV52474,0,1,0.5994267971622661,False,True,False,False,False
PRV52373,0,0,0.06563692604862383,True,False,False,False,True
PRV55610,0,0,0.00906522313176657,True,False,False,False,True
PRV51083,0,0,0.0016297752298456742,True,False,False,False,True
PRV57520,0,0,0.005933020053750515,True,False,False,False,True
PRV55078,0,0,0.0,True,False,False,False,True
PRV55916,0,1,0.8627407944401239,False,True,False,False,False
PRV52166,0,0,0.07814509666546533,True,False,False,False,True
PRV54402,0,0,0.03992170787555627,True,False,False,False,True
PRV57056,0,0,0.0,True,False,False,False,True
PRV56313,0,0,0.0,True,False,False,False,True
PRV53044,0,0,0.022952830909036354,True,False,False,False,True
PRV55501,0,0,0.0029212049012933934,True,False,False,False,True
PRV52249,0,0,0.06420395058356956,True,False,False,False,True
PRV56801,0,0,0.0,True,False,False,False,True
PRV53671,1,0,0.2695529101684877,False,False,True,False,False
PRV52187,0,0,0.00011646170808243647,True,False,False,False,True
PRV53801,0,0,0.008327893430593146,True,False,False,False,True
PRV53385,1,1,0.9069436461094803,True,False,False,True,False
PRV51929,0,0,0.08044509215286871,True,False,False,False,True
PRV53521,0,0,0.0,True,False,False,False,True
PRV56742,0,0,0.22466377767736362,True,False,False,False,True
PRV54919,0,0,0.018446968958824174,True,False,False,False,True
PRV55283,0,0,0.002909561915657683,True,False,False,False,True
PRV57720,0,0,0.011986428033059963,True,False,False,False,True
PRV55811,0,0,0.008290268051195364,True,False,False,False,True
PRV54250,0,0,0.00011646170808243647,True,False,False,False,True
PRV57651,0,0,0.0022192772642058304,True,False,False,False,True
PRV54977,0,0,0.04315890377732907,True,False,False,False,True
PRV56136,0,0,0.0,True,False,False,False,True
PRV56113,0,0,0.002335738972288267,True,False,False,False,True
PRV52859,0,0,0.3748507941299392,True,False,False,False,True
PRV52583,0,1,0.6241132723298588,False,True,False,False,False
PRV54908,0,0,0.0012140858192531009,True,False,False,False,True
PRV54875,1,0,0.4498799067934388,False,False,True,False,False
PRV55574,0,0,0.0,True,False,False,False,True
PRV53802,0,1,0.7401973772515028,False,True,False,False,False
PRV57264,0,0,0.0006130138209349671,True,False,False,False,True
PRV57368,0,0,0.010068115247100622,True,False,False,False,True
PRV54267,0,0,0.12114002993540626,True,False,False,False,True
PRV53035,0,0,0.0024388209189986406,True,False,False,False,True
PRV55307,0,0,0.00011646170808243647,True,False,False,False,True
PRV55063,0,0,0.0,True,False,False,False,True
PRV51843,0,0,0.0007294755290174035,True,False,False,False,True
PRV54011,0,0,0.033574683926007466,True,False,False,False,True
PRV55208,0,0,0.030648133594494316,True,False,False,False,True
PRV53548,0,0,0.0,True,False,False,False,True
PRV55044,0,0,0.0,True,False,False,False,True
PRV56560,1,1,0.9375725618451842,True,False,False,True,False
PRV55948,0,0,0.06747896510313897,True,False,False,False,True
PRV55481,0,0,0.016657118441169384,True,False,False,False,True
PRV55132,0,0,0.017687828910536336,True,False,False,False,True
PRV56970,0,0,0.0,True,False,False,False,True
PRV51544,0,1,0.517689592718808,False,True,False,False,False
PRV52308,1,0,0.46964564330747005,False,False,True,False,False
PRV56926,0,0,0.0,True,False,False,False,True
PRV51864,0,0,0.1336329619575541,True,False,False,False,True
PRV52825,0,0,0.02218898261080858,True,False,False,False,True
PRV52757,0,0,0.0,True,False,False,False,True
PRV54975,0,0,0.00011646170808243647,True,False,False,False,True
PRV53766,0,0,0.0006268831145116217,True,False,False,False,True
PRV55560,0,0,0.0035677173921738587,True,False,False,False,True
PRV53212,0,0,0.0,True,False,False,False,True
PRV57633,0,0,0.09126967253780283,True,False,False,False,True
PRV56931,0,0,0.007217072665848403,True,False,False,False,True
PRV57437,0,0,0.11464862418562478,True,False,False,False,True
PRV53724,0,0,0.018421996094426695,True,False,False,False,True
PRV57307,0,0,0.1986583870615224,True,False,False,False,True
PRV57623,0,0,0.0,True,False,False,False,True
PRV55414,0,0,0.007079810270158796,True,False,False,False,True
PRV51918,0,0,0.0,True,False,False,False,True
PRV53675,0,1,0.8687959295808806,False,True,False,False,False
PRV57217,0,0,0.051388996158928196,True,False,False,False,True
PRV53670,1,0,0.36957953461560683,False,False,True,False,False
PRV54345,0,0,0.00011646170808243647,True,False,False,False,True
PRV52046,0,0,0.007021901755642882,True,False,False,False,True
PRV54742,1,1,0.9556163422101381,True,False,False,True,False
PRV54763,0,0,0.00011646170808243647,True,False,False,False,True
PRV51566,0,0,0.11680893851333563,True,False,False,False,True
PRV54362,0,0,0.003890233281128496,True,False,False,False,True
PRV53720,0,0,0.04528749915672485,True,False,False,False,True
PRV55953,0,0,0.0008840419231066359,True,False,False,False,True
PRV54990,0,0,0.07501755830673275,True,False,False,False,True
PRV55656,0,0,0.013302549302549302,True,False,False,False,True
PRV52726,0,0,0.0,True,False,False,False,True
PRV51518,0,0,0.021162550637787783,True,False,False,False,True
PRV53978,0,0,0.0,True,False,False,False,True
PRV51296,0,0,0.12440560040415688,True,False,False,False,True
PRV57144,0,0,0.008290268051195364,True,False,False,False,True
PRV56173,0,0,0.11352203018997614,True,False,False,False,True
PRV51927,0,0,0.08946800187277155,True,False,False,False,True
PRV56610,0,0,0.11331967985415109,True,False,False,False,True
PRV55633,0,0,0.17784744958833293,True,False,False,False,True
PRV52587,0,0,0.0008377635391763681,True,False,False,False,True
PRV51931,0,0,0.002335738972288266,True,False,False,False,True
PRV54245,0,1,0.6226741772661508,False,True,False,False,False
PRV57094,0,0,0.04316300533074095,True,False,False,False,True
PRV52282,0,0,0.01906522313176657,True,False,False,False,True
PRV53910,0,1,0.7048668248348363,False,True,False,False,False
PRV53821,0,0,0.0010028921153340524,True,False,False,False,True
PRV55058,0,0,0.01967254253379596,True,False,False,False,True
PRV57640,0,0,0.4665273408259161,True,False,False,False,True
PRV56626,0,0,0.06604031731383606,True,False,False,False,True
PRV57103,1,1,0.8001719307167927,True,False,False,True,False
PRV56023,1,0,0.15143050969067168,False,False,True,False,False
PRV56394,0,0,0.00470527749956174,True,False,False,False,True
PRV55010,1,0,0.10135349710666082,False,False,True,False,False
PRV53326,0,0,0.02334817746828934,True,False,False,False,True
PRV53484,0,0,0.007021901755642882,True,False,False,False,True
PRV52113,0,0,0.00011646170808243647,True,False,False,False,True
PRV51368,0,0,0.007079810270158796,True,False,False,False,True
PRV51482,1,1,0.5879769766949626,True,False,False,True,False
PRV51776,0,0,0.025028957718910706,True,False,False,False,True
PRV53560,0,0,0.0022427890507806412,True,False,False,False,True
PRV52225,0,0,0.0,True,False,False,False,True
PRV53837,0,0,0.00906522313176657,True,False,False,False,True
PRV52359,0,0,0.34400356307092295,True,False,False,False,True
PRV53269,1,1,0.858858975061712,True,False,False,True,False
PRV53479,0,0,0.00906522313176657,True,False,False,False,True
PRV52145,0,0,0.0010976241111706644,True,False,False,False,True
PRV56280,0,0,0.017842128835812678,True,False,False,False,True
PRV52688,0,0,0.10220691726648741,True,False,False,False,True
PRV57545,0,0,0.019467808473600138,True,False,False,False,True
PRV57072,0,0,0.00906522313176657,True,False,False,False,True
PRV53173,0,0,0.02374579223141462,True,False,False,False,True
PRV56908,0,0,0.0,True,False,False,False,True
PRV54217,0,0,0.0,True,False,False,False,True
PRV53752,0,0,0.00011646170808243647,True,False,False,False,True
PRV53539,0,0,0.0,True,False,False,False,True
PRV52417,0,0,0.0,True,False,False,False,True
PRV56528,0,0,0.009282141408679194,True,False,False,False,True
PRV52340,1,1,0.8948073033623605,True,False,False,True,False
PRV53129,0,0,0.30067780725729576,True,False,False,False,True
PRV51209,0,0,0.052663391791603974,True,False,False,False,True
PRV55446,0,0,0.005924277644472218,True,False,False,False,True
PRV56346,0,0,0.002335738972288267,True,False,False,False,True
PRV56080,0,0,0.0,True,False,False,False,True
